                  epoch,             train/loss,  metrics/accuracy_top1,  metrics/accuracy_top5,               val/loss,                 lr/pg0,                 lr/pg1,                 lr/pg2
                      1,                 1.1163,                0.96642,                0.99943,                 2.7448,             0.00023795,             0.00023795,             0.00023795
                      2,                0.17689,                0.98435,                0.99994,                 2.7115,             0.00031888,             0.00031888,             0.00031888
                      3,                0.10485,                0.98976,                      1,                 2.7003,             0.00024274,             0.00024274,             0.00024274
