                  epoch,             train/loss,  metrics/accuracy_top1,  metrics/accuracy_top5,               val/loss,                 lr/pg0,                 lr/pg1,                 lr/pg2
                      1,                 1.1163,                0.96631,                0.99943,                 2.7449,             0.00023795,             0.00023795,             0.00023795
                      2,                0.18116,                0.98481,                0.99989,                 2.7112,             0.00038171,             0.00038171,             0.00038171
                      3,                0.11749,                0.98993,                0.99994,                 2.6995,             0.00043122,             0.00043122,             0.00043122
                      4,                0.07912,                0.99249,                0.99994,                 2.6944,             0.00028988,             0.00028988,             0.00028988
                      5,                0.05441,                0.99471,                0.99994,                 2.6906,             0.00014851,             0.00014851,             0.00014851
