                  epoch,             train/loss,  metrics/accuracy_top1,  metrics/accuracy_top5,               val/loss,                 lr/pg0,                 lr/pg1,                 lr/pg2
                      1,                 1.3439,                0.42202,                0.66516,                 3.1979,             0.00023797,             0.00023797,             0.00023797
                      2,                0.63317,                0.44029,                 0.6646,                 3.1714,             0.00038173,             0.00038173,             0.00038173
                      3,                0.53438,                0.44791,                0.65802,                 3.1603,             0.00043124,             0.00043124,             0.00043124
                      4,                0.45459,                 0.4523,                0.65511,                 3.1563,             0.00028988,             0.00028988,             0.00028988
                      5,                0.39581,                0.45636,                0.65315,                 3.1533,             0.00014851,             0.00014851,             0.00014851
