                  epoch,             train/loss,  metrics/accuracy_top1,  metrics/accuracy_top5,               val/loss,                 lr/pg0,                 lr/pg1,                 lr/pg2
                      1,                 1.0727,                0.95451,                 0.9998,                  2.201,              0.0002379,              0.0002379,              0.0002379
                      2,                0.22173,                0.97639,                 0.9998,                 2.1634,             0.00041701,             0.00041701,             0.00041701
                      3,                0.15726,                0.98048,                 0.9999,                  2.154,             0.00053721,             0.00053721,             0.00053721
                      4,                0.11676,                0.98865,                 0.9998,                 2.1423,             0.00044893,             0.00044893,             0.00044893
                      5,                0.08715,                0.98916,                      1,                  2.139,             0.00036057,             0.00036057,             0.00036057
                      6,                0.07014,                0.99295,                 0.9999,                 2.1359,             0.00027221,             0.00027221,             0.00027221
                      7,                0.05621,                0.99254,                 0.9998,                 2.1347,             0.00018385,             0.00018385,             0.00018385
                      8,                0.04981,                0.99376,                 0.9999,                 2.1329,             9.5498e-05,             9.5498e-05,             9.5498e-05
