                  epoch,             train/loss,  metrics/accuracy_top1,  metrics/accuracy_top5,               val/loss,                 lr/pg0,                 lr/pg1,                 lr/pg2
                      1,                 1.3657,                0.95789,                0.99903,                 2.7722,              0.0033326,              0.0033326,              0.0033326
                      2,                0.22274,                0.98202,                0.99989,                 2.7148,              0.0062535,              0.0062535,              0.0062535
                      3,                0.17278,                0.98412,                0.99983,                 2.7067,              0.0087618,              0.0087618,              0.0087618
                      4,                0.16996,                0.98913,                0.99994,                 2.6984,              0.0081437,              0.0081437,              0.0081437
                      5,                0.11301,                0.99346,                0.99994,                 2.6923,               0.007525,               0.007525,               0.007525
                      6,                0.08781,                0.99522,                      1,                 2.6896,              0.0069063,              0.0069063,              0.0069063
                      7,                0.07436,                0.99624,                0.99994,                 2.6882,              0.0062875,              0.0062875,              0.0062875
                      8,                0.06212,                0.99693,                0.99994,                 2.6869,              0.0056688,              0.0056688,              0.0056688
