                  epoch,             train/loss,  metrics/accuracy_top1,  metrics/accuracy_top5,               val/loss,                 lr/pg0,                 lr/pg1,                 lr/pg2
                      1,                 1.3658,                0.09091,                0.27273,                 3.6416,              0.0033326,              0.0033326,              0.0033326
                      2,                0.22187,                0.09091,                0.30303,                 3.6289,              0.0063359,              0.0063359,              0.0063359
                      3,                0.17392,                0.09091,                0.27273,                 3.6357,              0.0090093,              0.0090093,              0.0090093
                      4,                0.17165,                0.09091,                0.36364,                 3.1504,               0.008515,               0.008515,               0.008515
                      5,                0.12167,                0.09091,                0.42424,                 3.6338,                0.00802,                0.00802,                0.00802
                      6,                 0.0983,                0.09091,                0.45455,                 3.6348,               0.007525,               0.007525,               0.007525
                      7,                0.08297,                0.09091,                0.42424,                 3.6328,                0.00703,                0.00703,                0.00703
                      8,                0.06981,                0.09091,                0.45455,                 3.6348,               0.006535,               0.006535,               0.006535
                      9,                0.06277,                0.09091,                0.45455,                 3.6348,                0.00604,                0.00604,                0.00604
